ari,nmi,sillhouette,db
0.65381782,0.53071954,0.3641844,1.14798047