ari,nmi,sillhouette,db
0.64784475,0.52685003,0.33758868,1.32724153
0.64813937,0.52442994,0.31246565,1.42303738
0.67697132,0.55530976,0.30567828,1.42492368
0.56506728,0.44152295,0.27126602,1.57326171
0.31931048,0.221551,0.26065773,1.63008317
0.50365237,0.38356319,0.24367996,1.65735063
0.4326501,0.33705696,0.23391226,1.65091415
0.40120766,0.32253755,0.26943208,1.451159
0.41014612,0.32868282,0.41007416,0.9456834