ari,nmi,sillhouette,db
0.65352464,0.5335338,0.35657105,1.29836423
0.65287755,0.54482263,0.38051694,1.2370759
0.67587577,0.57880215,0.42055661,1.12182393
0.59479392,0.52387819,0.4545995,1.01958676
0.59479392,0.52387819,0.51200434,0.87325278
0.55060865,0.48777284,0.52282993,0.86349206
0.49330714,0.41648697,0.51089287,0.96043113
0.39743735,0.36677812,0.57027195,0.808051
0.25112292,0.2567369,0.70983405,0.57411107