ari,nmi,sillhouette,db
0.65352464,0.5335338,0.35657105,1.29836423
0.59167266,0.47076663,0.35148955,1.35437566
0.48099669,0.36979936,0.34736027,1.39512628
0.39441906,0.29433813,0.34554479,1.47310621
0.3290324,0.23549361,0.35111842,1.48212511
0.15123271,0.08883516,0.35051684,1.57176134
0.16908695,0.10266178,0.39318724,1.41921749
0.12980263,0.07329954,0.42298811,1.42210654
0.02661897,0.00723825,0.51323963,1.0655674