ari,nmi,sillhouette,db
0.35735408,0.27275195,0.41379836,0.95617411