ari,nmi,sillhouette,db
-0.00182952,6.8e-07,0.4195081,1.32497574