ari,nmi,sillhouette,db
-0.00651186,0.0012986,0.46087633,1.19009547
-0.0027621,3.182e-05,0.3798806,1.43991575
-0.0027621,3.182e-05,0.3798806,1.43991575
-0.00545852,0.00060403,0.35685721,1.40328643
0.00155457,0.00074801,0.30041694,1.38577493
0.00155457,0.00074801,0.30041694,1.38577493
0.00414121,0.00128078,0.41330402,1.15193485
0.00414121,0.00128078,0.41330402,1.15193485
0.00287664,0.00103267,0.64298035,0.56743695