ari,nmi,sillhouette,db
-0.00651186,0.0012986,0.46087633,1.19009547
-0.00146318,5e-08,0.42495136,1.26722531
-0.00146318,5e-08,0.42495136,1.26722531
-0.00626948,0.00111893,0.32729299,1.47159063
0.00155457,0.00074801,0.30041694,1.38577493
0.00155457,0.00074801,0.30041694,1.38577493
0.00524398,0.00187626,0.43017775,0.95536936
0.00524398,0.00187626,0.43017775,0.95536936
0.00287664,0.00103267,0.64298035,0.56743695