ari,nmi,sillhouette,db
0.00287664,0.00103267,0.64298035,0.56743695