ari,nmi,sillhouette,db
0.24549579,0.27792927,0.124672,1.92634472