ari,nmi,sillhouette,db
0.18003314,0.25033073,0.13574065,1.8039734
0.27055178,0.32474525,0.15179979,1.76948932
0.19899322,0.24145658,0.19019399,1.58193612
0.219892,0.25157317,0.21085447,1.55351704
0.10548196,0.13532298,0.26042335,1.38217787
0.18251025,0.21173949,0.32353514,1.27767934
0.10096729,0.21154178,0.44088412,0.98589874
0.06810357,0.12057872,0.57321109,0.84017048
0.0197507,0.09048046,1.0,2e-08