ari,nmi,sillhouette,db
0.15799964,0.22887599,0.13138248,1.84839112
0.17568255,0.24542468,0.13896811,1.77599654
0.16407086,0.22031158,0.16411914,1.66850906
0.08199342,0.191711,0.17784952,1.56646349
0.10920916,0.20240624,0.23009693,1.24568312
0.1151454,0.20727835,0.22675066,1.33211001
0.075419,0.14217176,0.28600491,1.27593806
0.05876211,0.12951598,0.45759136,0.8496595
0.06300566,0.13373814,0.9508475,0.23903837