ari,nmi,sillhouette,db
0.17932131,0.24884448,0.12939978,1.82777287
0.19899322,0.24145658,0.1499718,1.79168184
0.15638072,0.23288537,0.17208644,1.60035703
0.06876796,0.19033213,0.20971536,1.50310217
0.06339073,0.18581547,0.29265789,1.2738335
0.06245182,0.14634595,0.39239853,1.17784992
0.080113,0.18883933,0.53792972,0.82835387
0.05333381,0.18001133,0.88154224,0.58490895
0.08777737,0.18179259,0.97453756,0.50631007