ari,nmi,sillhouette,db
0.24549579,0.27792927,0.124672,1.92634472
0.15141585,0.16502143,0.12948908,2.14668833
0.15178797,0.17788396,0.12561178,2.16611247
0.13088975,0.16720659,0.13445527,2.07972251
0.1021826,0.1294347,0.15817816,1.97145438
0.07495173,0.11366913,0.16420813,1.78239474
0.10906695,0.16327809,0.21791381,1.59800664
0.13393805,0.16825107,0.42617702,1.21540266
0.11279853,0.18787809,1.0,1e-08