ari,nmi,sillhouette,db
0.18170308,0.25492837,0.12951915,1.89059858
0.21450573,0.24899777,0.14235613,1.86297053
0.15235499,0.20284855,0.1640127,1.75810546
0.07110734,0.15418076,0.23353359,1.50150927
0.18226634,0.25369418,0.28662954,1.37237903
0.07291766,0.18040365,0.39270905,1.10623578
0.080113,0.18883933,0.53792972,0.82835387
0.05333381,0.18001133,0.88154224,0.58490895
0.08777737,0.18179259,0.97453756,0.50631007