ari,nmi,sillhouette,db
0.18868156,0.26150495,0.13906706,1.78275591
0.18596236,0.25234994,0.13891617,1.9229904
0.18265832,0.20095828,0.1268695,2.04597349
0.17772163,0.20341842,0.12882768,2.01557458
0.15941368,0.16585601,0.13929484,1.89746508
0.16277534,0.17590495,0.1468195,1.79611473
0.15527826,0.14102526,0.18811571,1.52476263
0.04346267,0.064566,0.27360242,1.26666373
0.14019491,0.20473539,0.60416399,0.71515785