ari,nmi,sillhouette,db
0.33252026,0.37733756,0.13219767,1.88071745
0.03857134,0.12032941,0.1598357,1.85863163
0.04132167,0.12613433,0.18594247,1.71133369
0.02580241,0.07424148,0.21580899,1.57691314
0.02580241,0.07424148,0.29424907,1.34036089
0.02580241,0.07424148,0.35670048,1.19326367
0.02551687,0.07437307,0.48465782,0.85604337
0.02346895,0.06643768,0.67107908,0.57694962
0.00880133,0.04973981,1.0,1e-08