ari,nmi,sillhouette,db
0.02223183,0.06664589,1.0,0.0