ari,nmi,sillhouette,db
0.07985493,0.03626328,0.40615543,1.15939771