ari,nmi,sillhouette,db
0.17284452,0.13198407,0.29913068,1.48690045
0.17284452,0.13198407,0.31118103,1.42608843
0.17284452,0.13198407,0.33663369,1.31641123
0.17284452,0.13198407,0.36359546,1.21875983
0.16814381,0.12915635,0.41421601,1.05894614
0.17272431,0.12986611,0.44833236,0.97842398
0.18197589,0.13164945,0.48211975,0.88295964
0.14837732,0.10013849,0.50724721,0.81414969
0.14837732,0.10013849,0.51972176,0.77417544