ari,nmi,sillhouette,db
0.13187777,0.0932177,0.26136875,1.71773965
0.11946712,0.08299929,0.22291274,2.02047755
0.0846661,0.05146722,0.18841295,2.38752394
0.11975689,0.06998724,0.19618529,2.366507
-0.01902552,0.03957111,0.21296489,2.07787904
-0.01081505,0.00303365,0.22888673,2.03186502
-0.0146409,0.00736684,0.26774339,1.70204558
-0.00285714,6.25e-06,0.29428124,1.57790208
0.00346163,0.00059032,0.36150573,1.2516353