ari,nmi,sillhouette,db
0.15421577,0.11679085,0.2913217,1.51667908
0.16327829,0.12221691,0.2955819,1.50471529
0.16327829,0.12221691,0.30661956,1.44660922
0.13602314,0.09567011,0.32321674,1.38397959
0.14486804,0.10408251,0.35496822,1.24372674
0.14041561,0.09982383,0.39470338,1.11072025
0.15858554,0.11751291,0.44713611,0.95356562
0.14486804,0.10408251,0.48853152,0.85328302
0.1255453,0.07806896,0.5487447,0.73298132