ari,nmi,sillhouette,db
0.15858554,0.11751291,0.29364572,1.5246889
0.15858554,0.11751291,0.29344234,1.51089355
0.16327829,0.12221691,0.30696105,1.4462442
0.14486804,0.10408251,0.32016304,1.39112304
0.15858554,0.11751291,0.34778207,1.26078847
0.15858554,0.11751291,0.3838177,1.13125219
0.15883004,0.12152068,0.41298005,1.02225119
0.14938046,0.10844852,0.49675406,0.82676599
0.14327471,0.09317461,0.55857549,0.70925707