ari,nmi,sillhouette,db
0.15858554,0.11751291,0.29364572,1.5246889
0.16327829,0.12221691,0.2955819,1.50471529
0.13602314,0.09567011,0.30079698,1.48407835
0.13602314,0.09567011,0.32284574,1.38135229
0.14486804,0.10408251,0.35471934,1.24762715
0.14041561,0.09982383,0.39470338,1.11072025
0.15858554,0.11751291,0.44713611,0.95356562
0.14938046,0.10844852,0.49675406,0.82676599
0.1255453,0.07806896,0.5487447,0.73298132