ari,nmi,sillhouette,db
0.13187777,0.0932177,0.26136875,1.71773965
0.1192684,0.08150879,0.23075498,1.9391406
0.12822671,0.09590662,0.18992965,2.25822595
0.23134817,0.15278119,0.2038737,2.29349986
0.12850181,0.10152494,0.19942077,2.06196482
0.39474805,0.2826263,0.25990446,1.83167723
0.12822671,0.09590662,0.24829348,1.73064659
0.11158019,0.07702196,0.34624745,1.30077824
0.21018138,0.13874875,0.51595243,0.85965462