ari,nmi,sillhouette,db
0.15421577,0.11679085,0.2913217,1.51667908
0.15858554,0.11751291,0.29344234,1.51089355
0.13602314,0.09567011,0.30079698,1.48407835
0.14486804,0.10408251,0.31926487,1.38794635
0.15858554,0.11751291,0.34778207,1.26078847
0.16803127,0.12703952,0.38317943,1.12769968
0.15883004,0.12152068,0.41298005,1.02225119
0.14486804,0.10408251,0.50041605,0.81498917
0.14327471,0.09317461,0.55857549,0.70925707