ari,nmi,sillhouette,db
0.17760685,0.13485692,0.31054858,1.43845256
0.17284452,0.13198407,0.32663742,1.36741708
0.17284452,0.13198407,0.35603652,1.24990144
0.17760685,0.13485692,0.37442479,1.19175992
0.17760685,0.13485692,0.43628857,1.0146841
0.18701527,0.1365873,0.46299605,0.94511376
0.16721755,0.11751112,0.46000965,0.96113566
0.20566407,0.13840715,0.49453659,0.91341674
0.43441507,0.35523094,0.60284392,0.87343304