ari,nmi,sillhouette,db
-0.01247316,0.00493616,0.5513903,0.72481095