ari,nmi,sillhouette,db
-0.00232558,0.0,0.20528128,1.95725558