ari,nmi,sillhouette,db
-0.00232558,0.0,0.16878088,2.20882764
-0.00232558,0.0,0.20599424,1.97216652
-0.00232558,0.0,0.20599424,1.97216652
-0.00232558,0.0,0.20008627,2.0136465
-0.00232558,0.0,0.36839965,1.38742589
-0.00232558,0.0,0.36839965,1.38742589
-0.00232558,0.0,0.58385986,1.0
-0.00232558,0.0,0.58385986,1.0
-0.00232558,0.0,1.0,0.0