ari,nmi,sillhouette,db
-0.00232558,0.0,0.16878088,2.20882764
-0.00232558,0.0,0.20569646,1.97038048
-0.00232558,0.0,0.20569646,1.97038048
0.07507411,0.05871918,0.18383832,2.05151633
-0.00232558,0.0,0.36344267,1.38438258
-0.00232558,0.0,0.36344267,1.38438258
-0.00232558,0.0,0.58385986,1.0
-0.00232558,0.0,0.58385986,1.0
-0.00232558,0.0,1.0,0.0