ari,nmi,sillhouette,db
-0.00232558,0.0,0.20528128,1.95725558
-0.00232558,0.0,0.26176548,1.67050525
-0.00232558,0.0,0.26176548,1.67050525
-0.00232558,0.0,0.27414793,1.64790293
-0.00232558,0.0,0.27414793,1.64790293
-0.00232558,0.0,0.5496021,0.81649658
-0.00232558,0.0,1.0,0.0
-0.00232558,0.0,1.0,0.0
-0.00232558,0.0,1.0,0.0