ari,nmi,sillhouette,db
0.15133981,0.12389791,0.31199107,1.27682802