ari,nmi,sillhouette,db
-0.00326143,0.00671532,0.22166884,2.07494425
-0.00027498,0.00434854,0.14500779,2.21253996
0.00641149,0.00929038,0.15781758,2.08638957
0.01086987,0.01244825,0.17672945,1.94555271
0.00854775,0.01081178,0.20228945,1.76430778
0.00112096,0.0058383,0.23870348,1.57158274
0.00854878,0.01110391,0.28682402,1.37375717
-0.00148029,0.00356056,0.32340599,1.23762443
-0.00025975,0.00589024,0.45178763,0.84534361