ari,nmi,sillhouette,db
-0.00439822,0.00265218,0.22357564,2.15749293
0.00276812,0.01661431,0.25193605,2.05594382
0.01900218,0.03290096,0.2603926,2.04498405
0.03621045,0.06548659,0.29843123,1.95347838
0.03241008,0.06517376,0.32210609,1.84469934
0.03242191,0.07358942,0.34982887,1.76980203
0.01620282,0.06886041,0.42250045,1.5766338
0.01351271,0.06449877,0.46468851,1.38428227
0.00658187,0.0759048,0.57129122,1.02471371