ari,nmi,sillhouette,db
-0.00240994,0.01029999,0.23262617,1.94308189
-0.00027498,0.00434854,0.14549533,2.20550724
0.01607118,0.01574403,0.16240326,2.11709824
0.00445923,0.00742118,0.17067375,1.99560414
0.01609685,0.01267577,0.19923878,1.87188934
0.0085457,0.00979675,0.20394159,1.75155737
0.0085459,0.01002933,0.22950492,1.61250346
0.00445923,0.00742118,0.28129835,1.36415666
0.08444702,0.06492473,0.39094946,0.99558703