ari,nmi,sillhouette,db
0.00120351,0.01648669,0.2476033,2.0416919
0.0443417,0.05134268,0.21586052,2.23261493
0.07333703,0.08788656,0.24676591,2.12432768
0.05802362,0.08201072,0.27693468,1.99998675
0.06805651,0.09436464,0.29225663,1.93268677
0.01352027,0.07142325,0.40779895,1.58010192
0.00657354,0.06570714,0.45803615,1.42351169
0.01908609,0.08063108,0.47479609,1.37878721
0.01103212,0.08599955,0.56911868,1.04261279