ari,nmi,sillhouette,db
-0.00466903,0.00200821,0.21450964,2.0855216
-0.00465779,0.00242753,0.22519096,1.95445156
-0.00465779,0.00242753,0.23656022,1.89907474
-0.00389623,0.00627106,0.25026218,1.80698081
-0.00444441,0.00098781,0.16860672,1.96468791
-0.00437617,0.00036598,0.24087691,1.77364348
0.01610755,0.01261128,0.18007776,2.0408948
0.02528388,0.0285482,0.22075223,1.81402931
0.09030828,0.08001619,0.29845082,1.3345315