ari,nmi,sillhouette,db
0.09030828,0.08001619,0.29845082,1.3345315