ari,nmi,sillhouette,db
0.0001402,0.0118701,0.8379016,0.29746036