ari,nmi,silhouette,db
0.01025979,0.18306858,0.30715311,1.40475609
0.01010216,0.18449007,0.33409042,1.29354955
0.01013339,0.18726385,0.35653883,1.20223522
0.01013438,0.18624521,0.38476035,1.09950929
0.01009974,0.1840227,0.42926716,0.97936227
0.01012972,0.18420317,0.48702186,0.83531683
0.01009974,0.1840227,0.54830568,0.69484741
0.01003668,0.18357056,0.61792889,0.54521362
0.00981225,0.1800741,0.67943793,0.43268575