ari,nmi,silhouette,db
0.0100354,0.18570333,0.28899458,1.45921135
0.01013339,0.18726385,0.29168357,1.44974977
0.01010216,0.18449007,0.27913124,1.50466359
0.01016659,0.18747006,0.2761108,1.51105433
0.01026195,0.18560062,0.28217342,1.49898469
0.01023087,0.18623004,0.29152742,1.46602819
0.01028548,0.18399363,0.27266869,1.54634885
0.01013378,0.18628403,0.31754554,1.33546247
0.01020947,0.18314006,0.23787465,1.75750093