ari,nmi,silhouette,db
0.01013451,0.18387397,0.30693357,1.39313499
0.01035928,0.1847307,0.32700268,1.29549882
0.01013451,0.18387397,0.35243747,1.19135484
0.01013339,0.18726385,0.38628668,1.07737284
0.01013438,0.18624521,0.42106077,0.9754095
0.01035081,0.18434737,0.4525301,0.8935232
0.01058425,0.18311033,0.46685447,0.85925173
0.01001028,0.17778884,0.44914908,0.89255491
0.01007769,0.17044282,0.41585899,0.98387843