ari,nmi,sillhouette,db
0.01010216,0.18449007,0.3074613,1.38812813
0.01035928,0.1847307,0.32424586,1.30720335
0.01045489,0.1862565,0.3465076,1.21169122
0.01035504,0.18236165,0.34401418,1.21817146
0.01036919,0.18014761,0.31923814,1.29995466
0.0102834,0.18005677,0.33679841,1.23974319
0.01013034,0.17882799,0.36460199,1.1456662
0.01013034,0.17882799,0.47172788,0.84758366
0.0101524,0.177739,0.48259697,0.80071067