ari,nmi,sillhouette,db
0.01013451,0.18387397,0.30513426,1.39210773
0.01051739,0.18264982,0.31043662,1.37697698
0.01107692,0.19029774,0.30374167,1.39521693
0.01047032,0.18042659,0.28813212,1.44038344
0.0102834,0.18005677,0.28192202,1.44774765
0.0102834,0.18005677,0.28373402,1.43469779
0.01033569,0.18041168,0.2358579,1.6533034
0.01006838,0.17550736,0.26546983,1.48686119
0.00991752,0.17429739,0.37499441,1.09057782