ari,nmi,silhouette,db
0.01010216,0.18449007,0.30882264,1.38361006
0.01013451,0.18387397,0.32707505,1.30854692
0.01023087,0.18541389,0.3483795,1.22602684
0.01013339,0.18726385,0.37741074,1.12795511
0.01013339,0.18726385,0.40052359,1.0462419
0.01022951,0.18370378,0.44764132,0.92199088
0.0100354,0.18570333,0.46077984,0.88891419
0.01000553,0.18536065,0.46047593,0.90553154
0.01000431,0.18263247,0.4386164,0.9569687