ari,nmi,sillhouette,db
0.01013339,0.18726385,0.28239729,1.4984042
0.01016659,0.18747006,0.25690245,1.62796284
0.01013378,0.18628403,0.21125902,1.90863315
0.00184636,0.08324958,0.29865974,1.50927473
0.00184636,0.08324958,0.33976576,1.37223743
0.00184636,0.08324958,0.38621506,1.21496169
0.00174944,0.08077067,0.35738703,1.30964796
0.00160392,0.07887463,0.32133804,1.49579274
0.00079082,0.06593267,0.31443559,1.25167123