ari,nmi,sillhouette,db
0.01013339,0.18726385,0.27839793,1.51282053
0.01016659,0.18665349,0.24863304,1.66256565
0.01006913,0.18509987,0.20736937,1.90708264
0.00184636,0.08324958,0.29962506,1.51236024
0.00184636,0.08324958,0.33874568,1.36864629
0.00186873,0.08296993,0.38241715,1.23966858
0.00182101,0.08345192,0.40644087,1.14804499
0.00172414,0.08095847,0.36468529,1.27638131
0.00392409,0.12346559,0.23062031,1.64485941