ari,nmi,sillhouette,db
0.01025979,0.18306858,0.28949008,1.48465231
0.01013451,0.18387397,0.29375546,1.45852816
0.0100972,0.18191139,0.29823363,1.43308761
0.01012972,0.18299202,0.29767913,1.42854156
0.00974703,0.17941379,0.29747678,1.40724806
0.00958355,0.17825385,0.32252603,1.29957856
0.00977992,0.18171938,0.32244075,1.32509104
0.01011704,0.18149814,0.35579305,1.19774009
0.01037567,0.17551899,0.288595,1.52922549