ari,nmi,sillhouette,db
0.00097048,0.0692802,0.32123406,1.47485023