ari,nmi,sillhouette,db
0.02852643,0.02096505,0.00829341,10.6192627