ari,nmi,silhouette,db
0.02958265,0.02175059,0.00924525,10.0807211
0.02905186,0.02133133,0.01038804,9.51776661
0.02800546,0.02058157,0.0118367,8.92320261
0.02905194,0.02133763,0.01376513,8.27724396
0.02672375,0.01963707,0.01648354,7.55769382
0.02571985,0.01890909,0.02049641,6.76512978
0.02697771,0.01982261,0.02708979,5.85106273
0.02547178,0.01872566,0.04007679,4.75124546
0.02672375,0.01963675,0.077749,3.28304916