ari,nmi,silhouette,db
0.02401231,0.01791228,0.00892884,10.24952397
0.03342791,0.02455769,0.00968959,9.84782813
0.03286446,0.02415323,0.0110589,9.22739583
0.00340446,0.00274252,0.00915605,10.16141108
-0.00035569,2.093e-05,0.00728022,11.31618963
-0.00012302,0.00018881,0.00900742,10.1938317
0.00312669,0.00254995,0.01049356,9.44682806
-0.00029836,6.175e-05,0.00878767,10.32942502
-0.00035531,2.096e-05,0.01613639,7.6236275