ari,nmi,sillhouette,db
0.03258416,0.02392062,0.00880968,10.32536652
0.02672389,0.01964737,0.00921099,10.09000308
-9.841e-05,0.0002066,0.00975566,9.83506226
0.02800532,0.02057064,0.0106688,9.39971066
0.00717365,0.00545765,0.01155757,9.02832363
0.00690897,0.00527566,0.01431519,8.105713
0.00331015,0.00267251,0.01642528,7.54904189
0.00340446,0.00274252,0.02449221,6.15802942
0.00181783,0.00158951,0.03897586,4.83036586