ari,nmi,sillhouette,db
0.03258416,0.02392062,0.00880968,10.32536652
0.02672389,0.01964737,0.00921099,10.09000308
-9.841e-05,0.0002066,0.00975566,9.83506226
0.02800532,0.02057064,0.0106688,9.39971066
0.00717365,0.00545765,0.01155757,9.02832363
0.00589651,0.00455717,0.01432807,8.09425499
0.00369363,0.00294914,0.01643721,7.55055447
0.00340464,0.0027443,0.02451375,6.15641216
0.00204045,0.00175377,0.04025581,4.74656727