ari,nmi,sillhouette,db
0.02800533,0.02057131,0.00590932,12.50286037
0.02547442,0.01890919,0.00602143,12.44881719
0.03038669,0.02230373,0.00584863,12.58042006
0.01240747,0.00927902,0.00654597,11.90897887
0.014959,0.01109803,0.007838,10.9279703
0.00961965,0.00724394,0.00972293,9.82127797
0.00451736,0.0035423,0.01224258,8.76064116
0.00330987,0.00266987,0.0182325,7.16703807
0.00589507,0.00453384,0.02933684,5.62234135