ari,nmi,silhouette,db
0.02931787,0.02163751,0.00921366,10.06854665
0.02749001,0.02025937,0.00997738,9.68985691
0.008,0.0061052,0.01009303,9.61857405
0.00473486,0.0036955,0.01170874,8.97317412
0.00717469,0.0054782,0.0140293,8.17724947
0.00771848,0.00585663,0.01748841,7.32900061
0.00189109,0.00164468,0.02174525,6.55491246
0.00235264,0.00197739,0.03229942,5.33427608
-0.00019294,0.00013839,0.04998031,4.24460988