ari,nmi,sillhouette,db
0.03720599,0.02728884,0.06840834,3.54750643
0.03871244,0.02838522,0.03506339,5.11187542
0.03720592,0.02728119,0.0236628,6.28185568
0.02931701,0.02156823,0.0191801,6.99705685
0.02852721,0.02102587,0.01538472,7.817637
0.02826644,0.02085714,0.01290126,8.54900137
0.02597119,0.01924151,0.01110631,9.20537804
0.0293165,0.02152748,0.01039318,9.51266271
0.02596904,0.01908924,0.00924111,10.07898372