ari,nmi,sillhouette,db
0.0108885,0.00815674,0.03158008,5.38188147