ari,nmi,sillhouette,db
-0.01093203,0.00164545,0.40658233,1.07908241