ari,nmi,silhouette,db
0.00312335,0.00012224,0.212349,2.33381102
-0.01679407,0.00365507,0.19525115,2.54405932
-0.00946263,0.00127087,0.15973493,2.92243036
0.00028639,3.76e-06,0.14927606,3.10255486
-0.00997506,0.0006229,0.18257109,3.11892688
-0.02069062,0.00250126,0.19553842,3.10467665
-0.02183284,0.0027553,0.18458658,3.17854403
-0.02957825,0.00484805,0.17510768,3.2575795
-0.06662667,0.042414,0.16701822,2.97362311