ari,nmi,silhouette,db
-0.08007656,0.06714226,0.18308308,2.59298885
-0.07745456,0.06816585,0.1853335,2.5450189
-0.07858597,0.07432476,0.1823157,2.55254004
-0.08168194,0.07575247,0.18249874,2.559185
-0.08223283,0.07226133,0.19185403,2.45917262
-0.08634389,0.06898301,0.20689377,2.33837817
-0.08766737,0.07315745,0.21376115,2.25499221
-0.09103313,0.07067163,0.22393573,2.1461717
-0.08756547,0.07331891,0.22646653,2.02577164