ari,nmi,sillhouette,db
-0.07235908,0.07196017,0.19039104,2.42823536
-0.07148275,0.07293233,0.20341877,2.3425925
-0.08110807,0.04566324,0.24645619,2.33172353
-0.08267509,0.04931458,0.27086633,2.18345604
-0.08254232,0.04300645,0.30516653,2.19010713
-0.07815183,0.03153128,0.33878933,2.35744163
-0.06047556,0.01421615,0.41624457,2.20499281
-0.05610846,0.01193295,0.54924645,1.81736047
-0.05475577,0.0120721,0.63937559,1.58890884