ari,nmi,silhouette,db
-0.0721972,0.08141409,0.16291801,2.510481
-0.07741646,0.09425317,0.16101034,2.39109863
-0.07340156,0.09806754,0.16079853,2.33406672
-0.07502918,0.09938138,0.16442843,2.27650304
0.00622809,0.12530404,0.13990007,2.39347769
0.01766243,0.12669473,0.14739642,2.21819318
0.0205303,0.11407283,0.16423188,2.04694186
0.01643456,0.11780945,0.23469257,1.57398707
-0.01100015,0.10623522,0.32406531,1.15630384