ari,nmi,sillhouette,db
-0.0721972,0.08141409,0.16291801,2.510481
-0.07741646,0.09425317,0.16101034,2.39109863
-0.07340156,0.09806754,0.16079853,2.33406672
-0.07502918,0.09938138,0.16655705,2.25778651
-0.00956012,0.12335242,0.14511945,2.36678908
0.01368338,0.12611898,0.14723028,2.21854971
0.01656646,0.12271151,0.17111012,2.0046795
0.01619259,0.12249588,0.24341892,1.53473487
-0.01194263,0.10564597,0.32491292,1.15310384