ari,nmi,silhouette,db
-0.0761718,0.08998675,0.16451826,2.49656292
-0.07759069,0.09408106,0.1614367,2.39029226
-0.07848903,0.09904924,0.17165395,2.23328934
-0.07990133,0.09766402,0.190705,2.05626612
-0.07990133,0.09766402,0.22400159,1.84160184
0.00719883,0.12408853,0.16585159,2.14486842
0.01828931,0.118878,0.18810075,1.8886291
0.01067435,0.11929227,0.26740046,1.42462882
-0.01813724,0.10511447,0.30934731,1.24503721