ari,nmi,sillhouette,db
-0.0761718,0.08998675,0.16451826,2.49656292
-0.07759069,0.09408106,0.1614367,2.39029226
-0.07848903,0.09904924,0.17165395,2.23328934
-0.07990133,0.09766402,0.190705,2.05626612
-0.07990133,0.09766402,0.22400159,1.84160184
0.00719883,0.12408853,0.16585159,2.14486842
0.01697396,0.11970343,0.18856867,1.8892642
0.01067435,0.11929227,0.26740046,1.42462882
-0.02391286,0.10490257,0.33349945,1.15134824