ari,nmi,sillhouette,db
-0.0721749,0.07444791,0.18925723,2.4325448
-0.07295105,0.07826465,0.20279999,2.31534239
-0.07622378,0.0771036,0.22180688,2.17942794
-0.07722254,0.07595571,0.24156265,2.05448674
-0.07724437,0.07845714,0.26044758,1.94427764
-0.07767747,0.07796269,0.28187317,1.83279399
-0.07838446,0.0771407,0.3105566,1.65345812
-0.07962272,0.07302735,0.37678296,1.4021196
-0.08173972,0.06742267,0.41579524,1.29192506