ari,nmi,sillhouette,db
0.02738069,0.00845214,0.15266501,2.70853607