ari,nmi,sillhouette,db
-0.07811707,0.08264977,0.1766247,2.44050647
-0.07543016,0.08550387,0.17236401,2.38628733
-0.07390445,0.08453821,0.17175593,2.36782702
-0.07063875,0.07608618,0.17224902,2.37760192
-0.07162594,0.06607044,0.18257768,2.31632034
-0.07953241,0.06261072,0.19918031,2.20872197
-0.08023384,0.05570997,0.20757813,2.17505914
-0.08771121,0.06305943,0.20459938,2.21194703
0.02738069,0.00845214,0.15266501,2.70853607