ari,nmi,sillhouette,db
0.07186693,0.01260189,0.25128708,3.15338911