ari,nmi,sillhouette,db
0.08671854,0.01862398,0.29290304,2.11336845
0.08612613,0.01837624,0.30999525,2.03643273
0.08671854,0.01862398,0.32833917,1.94462004
0.08437498,0.01765592,0.34420491,1.88215713
0.0837998,0.01742319,0.37709411,1.79016421
0.14629649,0.04289384,0.33057861,2.31897887
0.14465235,0.04217351,0.37969254,2.0815727
0.14884822,0.04344634,0.49757685,1.69172368
0.14188825,0.0403539,0.68382895,1.30644534