ari,nmi,sillhouette,db
0.02015472,0.00848568,0.11727618,5.97059564
0.02376859,0.01078969,0.11565569,5.85112635
0.05923599,0.01229556,0.16632669,4.36997206
0.05980488,0.01246109,0.17655024,4.19719965
0.06057146,0.01268507,0.17355136,4.25261769
0.05557115,0.01124372,0.1719577,4.36563247
0.06451765,0.01429872,0.18911212,4.37597445
0.08330336,0.0214384,0.23465838,4.09957468
0.07629751,0.01584405,0.43454971,1.77602887