ari,nmi,sillhouette,db
-0.01791379,0.0066058,0.02961265,4.97577886
-0.01575059,0.00485826,0.03173257,4.93541479
-0.01434294,0.00457532,0.02885398,4.87740969
-0.0230189,0.00924438,0.02949456,4.63809934
-0.02325148,0.00853746,0.03336675,4.46466551
-0.02339313,0.0068663,0.02969956,4.11344248
-0.02243067,0.00729293,0.03230227,3.99753798
-0.01800225,0.00618409,0.04220209,3.72642991
-0.01249109,0.00709263,0.06937418,3.22356589