ari,nmi,sillhouette,db
0.15253492,0.04567454,0.20778179,3.16614603
0.01308813,0.00864532,0.08408481,5.9016966
0.12895925,0.03555461,0.19152437,3.26790745
0.12895925,0.03555461,0.19589816,3.17602532
0.00712476,0.00725274,0.06550745,5.49158903
0.00636408,0.00723337,0.06559021,5.22021654
0.0044183,0.00697201,0.06072429,4.87106049
-0.00020543,0.00681947,0.05411058,4.28158915
-0.00276622,0.00555088,0.07498251,3.38371587