ari,nmi,sillhouette,db
0.07726426,0.0145009,0.29161269,2.66272959
0.14965751,0.04438257,0.22521682,3.12722638
0.14519776,0.04241189,0.21786663,3.18918
0.14684986,0.04313745,0.22697221,3.17733002
0.1403819,0.04032664,0.22826402,3.17234398
0.13086005,0.03633196,0.20151763,3.30984351
0.12990534,0.03594069,0.22763008,3.08396972
0.13134067,0.03652956,0.23705787,2.91417166
0.13279577,0.03713041,0.2526083,2.80109408