ari,nmi,sillhouette,db
0.01114491,0.0038702,0.09851043,5.9869977
0.00262982,0.00117127,0.04383147,5.94162485
0.00086052,2.432e-05,0.0661946,5.76634704
0.00412714,0.00021084,0.06968139,5.23215506
0.00130347,2.216e-05,0.0740345,4.97484562
0.0018824,4.637e-05,0.0809841,4.70431758
0.00113031,1.602e-05,0.09539059,4.4610552
0.00060409,4.97e-06,0.09614127,4.36030576
0.00032361,5.5e-07,0.37726072,1.16884205