ari,nmi,sillhouette,db
0.50011,0.66659536,0.30757261,1.21198626