ari,nmi,sillhouette,db
0.93289609,0.89021488,0.3520711,1.19111219
0.655822,0.7943245,0.41673735,1.13556964
0.60074855,0.74859097,0.49972507,0.9063595
0.54575364,0.69053689,0.51034398,0.9228293
0.55191703,0.69467611,0.6223312,0.7583229
0.58610548,0.70436596,0.70485689,0.69072622
0.52729181,0.65469324,0.91075964,0.46162349
0.30823011,0.51371135,0.95510135,0.28725129
0.01732276,0.12452485,0.99009901,0.0