ari,nmi,sillhouette,db
0.74753115,0.84144256,0.38604291,1.08350464
0.78038474,0.8689374,0.39447971,1.12295366
0.68360849,0.83847831,0.40431581,1.16982979
0.53291769,0.70364964,0.38432541,1.25932596
0.50044225,0.67737085,0.40898107,1.11471497
0.35489813,0.58507092,0.51534279,0.90233061
0.26529867,0.48437952,0.82951987,0.42995023
0.31389154,0.50503609,0.98298504,0.07335103
0.2855379,0.43084059,1.0,1e-08