ari,nmi,sillhouette,db
0.74753115,0.84144256,0.38604291,1.08350464
0.78038474,0.8689374,0.39447971,1.12295366
0.67058757,0.82472985,0.38454805,1.21198874
0.50151076,0.72828703,0.36755813,1.21385606
0.60900869,0.71396996,0.39901622,1.06319765
0.56263453,0.75070027,0.39814438,1.19357684
0.47880979,0.66968444,0.63389725,0.68105064
0.37430654,0.59110257,0.69478124,0.66549881
0.48195638,0.63198535,1.0,1e-08