ari,nmi,sillhouette,db
0.55642877,0.73453743,0.33706397,1.23088422
0.61201756,0.71194975,0.35035096,1.23367137
0.5473812,0.73968737,0.39361557,1.13484884
0.69982135,0.76915978,0.50570309,0.84213756
0.61059025,0.70561925,0.61198666,0.73651051
0.54210138,0.65991573,0.66030145,0.70075923
0.36937421,0.54791246,0.88151678,0.38657478
0.34673552,0.53954539,0.95468294,0.1993592
0.01732276,0.12452485,0.99009901,0.0