ari,nmi,sillhouette,db
0.07158255,0.09540674,1.0,0.0