ari,nmi,sillhouette,db
0.61393967,0.7460384,0.43536684,1.26278371
0.64693027,0.76073986,0.54342751,0.96489162
0.60700682,0.72054297,0.59291565,0.83654049
0.73655451,0.7921233,0.68172942,0.7724379
0.67709205,0.76116545,0.68677612,0.68554075
0.45639919,0.63072721,0.83047986,0.47171097
0.51837825,0.62363734,0.94729951,0.40992981
0.4836656,0.56651361,1.0,3e-08
0.07158255,0.09540674,1.0,0.0