ari,nmi,sillhouette,db
0.34873016,0.26757262,0.1916187,1.9738004