ari,nmi,sillhouette,db
0.38473282,0.2966584,0.17943627,2.04299926
0.34859572,0.26607661,0.19274857,1.94642257
0.47255881,0.37212441,0.18769869,1.96970863
0.36655894,0.28163252,0.20605653,1.86193122
0.43244142,0.33687818,0.21940951,1.79042141
0.36657468,0.28242907,0.23902603,1.76089211
0.26615451,0.20353141,0.37881835,1.36056156
0.05166475,0.0704959,0.49668326,1.08634257
-0.00355083,0.00024132,0.70332536,0.63891947