ari,nmi,sillhouette,db
0.13954659,0.11046426,0.91223022,0.19855335
0.27383201,0.20512176,0.60334703,0.80103103
0.29785499,0.2463765,0.4302905,1.14237583
0.33136713,0.25831706,0.30171697,1.48674858
0.34877371,0.27477401,0.24580121,1.66788196
0.34877496,0.27690505,0.21463961,1.83411755
0.33990469,0.25850599,0.21727921,1.79801966
0.375638,0.28893182,0.19740232,1.915658
0.43224394,0.34505839,0.19860158,1.90440539