ari,nmi,sillhouette,db
0.29777985,0.22418805,0.16681569,2.15211187
0.34859572,0.26607661,0.15564727,2.27402247
0.30581536,0.23186975,0.15555372,2.31059937
0.36644392,0.28110475,0.16582237,2.27615794
0.05166475,0.0704959,0.19106881,2.09122333
0.03073065,0.02603304,0.19857363,2.02114934
-0.00355083,0.00024132,0.41252877,1.17748516
-0.00355083,0.00024132,0.51704213,0.91343119
-0.00355083,0.00024132,0.65970318,0.56304976