ari,nmi,sillhouette,db
0.45208014,0.36342378,0.18230968,2.00077606
0.45230631,0.35463667,0.17218507,2.08373623
0.39414414,0.30454361,0.16807609,2.11026007
0.16901397,0.13305416,0.14177977,2.26002578
0.28973563,0.21899539,0.15742286,2.17479954
0.02802887,0.02424493,0.18950953,2.04704565
0.05166475,0.0704959,0.29813986,1.51278091
0.13398799,0.10548494,0.32438766,1.36731293
0.13954659,0.11046426,0.51162649,0.91880785