ari,nmi,sillhouette,db
0.45208014,0.36342378,0.18230968,2.00077606
0.40343391,0.31355859,0.19281261,1.9342111
0.41312007,0.32234677,0.18389425,1.99584908
0.40360832,0.31613286,0.18261997,2.02505368
0.39418582,0.3073795,0.20336697,1.901952
0.27387364,0.20627626,0.22274556,1.80541746
0.02802887,0.02424493,0.28467156,1.56740465
0.13954659,0.11046426,0.32500726,1.36753467
0.13954659,0.11046426,0.51162649,0.91880785