ari,nmi,sillhouette,db
0.29777985,0.22418805,0.16681569,2.15211187
0.33115626,0.25199156,0.18267222,2.04165779
0.42254331,0.33312851,0.17953092,2.07135515
0.36622588,0.2886537,0.21737791,1.8542582
0.30577555,0.23267433,0.22105289,1.8447709
0.2975006,0.22731133,0.25734015,1.65565958
0.22854216,0.17058378,0.362423,1.2447278
-0.00355083,0.00024132,0.4917139,0.87700602
-0.00355083,0.00024132,0.67227471,0.56620459