ari,nmi,sillhouette,db
0.45208014,0.36342378,0.18230968,2.00077606
0.45230631,0.35463667,0.17218507,2.08373623
0.47255881,0.37212441,0.18730046,1.97040205
0.42270222,0.32845832,0.20256233,1.87880831
0.42278164,0.33436487,0.20535497,1.87484347
0.36661341,0.28795442,0.23374859,1.7408076
0.02802887,0.02424493,0.28792887,1.62687235
0.02802887,0.02424493,0.38863306,1.28137345
0.02802887,0.02424493,0.58428531,0.88719991