ari,nmi,sillhouette,db
0.37557356,0.28830905,0.17355098,2.11013304
0.33132624,0.25321065,0.16980918,2.10441189
0.32278143,0.24580425,0.18637211,1.98598259
0.36630827,0.28504504,0.20373986,1.90007273
0.31407457,0.24016997,0.20716541,1.95583462
0.1873023,0.14025207,0.23283317,1.86611791
0.18074861,0.13634877,0.3378603,1.42488505
-0.00355083,0.00024132,0.50927083,0.91362721
-0.00355083,0.00024132,0.65970318,0.56304976