ari,nmi,sillhouette,db
0.46214632,0.3743223,0.17572714,2.08601124
-0.00355083,0.00024132,0.2775806,1.53376136
-0.00355083,0.00024132,0.29640675,1.46677583
-0.00355083,0.00024132,0.34383456,1.29137261
-0.00355083,0.00024132,0.37006608,1.18898465
-0.00355083,0.00024132,0.41202833,1.10835774
-0.00355083,0.00024132,0.52538655,0.8639737
-0.00355083,0.00024132,0.62240151,0.68662827
-0.00355083,0.00024132,0.76104835,0.49616912