ari,nmi,sillhouette,db
-0.00355083,0.00024132,1.0,0.0