ari,nmi,sillhouette,db
0.43236982,0.33840424,0.18252381,2.05741998
0.37551866,0.28910817,0.17488125,2.09891909
0.33121762,0.2513332,0.16882424,2.18626832
0.26605353,0.19873307,0.19921045,1.96931663
0.12854207,0.09956761,0.18202936,1.98802814
0.27383201,0.20512176,0.25344767,1.7000702
-0.00355083,0.00024132,0.50604665,0.86413603
-0.00355083,0.00024132,0.65970318,0.56304976
-0.00355083,0.00024132,1.0,0.0